{
"Anderson":1.370000,
"Andrews":1.290000,
"Angelina":1.590000,
"Aransas":1.150000,
"Archer":1.480000,
"Armstrong":1.330000,
"Atascosa":1.620000,
"Austin":1.400000,
"Bailey":2.190000,
"Bandera":1.020000,
"Bastrop":1.910000,
"Baylor":1.430000,
"Bee":1.280000,
"Bell":2.190000,
"Bexar":2.350000,
"Blanco":1.050000,
"Borden":0.500000,
"Bosque":1.050000,
"Bowie":1.440000,
"Brazoria":2.020000,
"Brazos":2.170000,
"Brewster":1.350000,
"Briscoe":1.030000,
"Brooks":1.010000,
"Brown":1.310000,
"Burleson":1.120000,
"Burnet":1.340000,
"Caldwell":1.570000,
"Calhoun":1.310000,
"Callahan":1.140000,
"Cameron":2.060000,
"Camp":1.330000,
"Carson":1.360000,
"Cass":1.260000,
"Castro":1.590000,
"Chambers":1.280000,
"Cherokee":1.320000,
"Childress":1.930000,
"Clay":1.530000,
"Cochran":1.700000,
"Coke":1.600000,
"Coleman":1.300000,
"Collin":2.000000,
"Collingsworth":1.740000,
"Colorado":1.400000,
"Comal":1.600000,
"Comanche":1.600000,
"Concho":1.260000,
"Cooke":1.450000,
"Coryell":2.080000,
"Cottle":1.420000,
"Crane":1.410000,
"Crockett":0.370000,
"Crosby":1.890000,
"Culberson":1.320000,
"Dallam":1.410000,
"Dallas":2.220000,
"Dawson":1.500000,
"DeafSmith":1.480000,
"Delta":1.140000,
"Denton":2.150000,
"DeWitt":1.090000,
"Dickens":1.190000,
"Dimmit":1.100000,
"Donley":1.700000,
"Duval":0.920000,
"Eastland":1.300000,
"Ector":1.530000,
"Edwards":1.230000,
"ElPaso":2.000000,
"Ellis":2.580000,
"Erath":1.480000,
"Falls":1.540000,
"Fannin":1.290000,
"Fayette":1.090000,
"Fisher":1.570000,
"Floyd":1.300000,
"Foard":1.560000,
"FortBend":2.280000,
"Franklin":1.240000,
"Freestone":1.180000,
"Frio":1.600000,
"Gaines":1.520000,
"Galveston":1.920000,
"Garza":1.440000,
"Gillespie":1.070000,
"Glasscock":0.400000,
"Goliad":1.040000,
"Gonzales":1.290000,
"Gray":1.420000,
"Grayson":1.920000,
"Gregg":1.440000,
"Grimes":1.200000,
"Guadalupe":1.800000,
"Hale":1.500000,
"Hall":1.520000,
"Hamilton":1.410000,
"Hansford":1.490000,
"Hardeman":1.500000,
"Hardin":1.100000,
"Harris":2.130000,
"Harrison":1.330000,
"Hartley":1.260000,
"Haskell":1.190000,
"Hays":2.330000,
"Hemphill":1.050000,
"Henderson":1.350000,
"Hidalgo":2.180000,
"Hill":1.520000,
"Hockley":1.670000,
"Hood":1.260000,
"Hopkins":1.380000,
"Houston":1.120000,
"Howard":1.350000,
"Hudspeth":1.170000,
"Hunt":1.980000,
"Hutchinson":1.700000,
"Irion":1.130000,
"Jack":1.790000,
"Jackson":1.360000,
"Jasper":1.150000,
"JeffDavis":1.000000,
"Jefferson":1.890000,
"JimHogg":0.960000,
"JimWells":1.370000,
"Johnson":1.860000,
"Jones":1.530000,
"Karnes":1.020000,
"Kaufman":2.220000,
"Kendall":1.290000,
"Kenedy":0,
"Kent":0.390000,
"Kerr":1.240000,
"Kimble":1.180000,
"King":2.230000,
"Kinney":1.140000,
"Kleberg":1.860000,
"Knox":1.960000,
"LaSalle":1.280000,
"Lamar":1.260000,
"Lamb":1.460000,
"Lampasas":1.050000,
"Lavaca":0.940000,
"Lee":1.220000,
"Leon":0.680000,
"Liberty":1.520000,
"Limestone":1.250000,
"Lipscomb":1.450000,
"LiveOak":0.860000,
"Llano":0.900000,
"Lubbock":2.030000,
"Lynn":1.710000,
"Madison":1.320000,
"Marion":1.950000,
"Martin":1.110000,
"Mason":1.490000,
"Matagorda":0.710000,
"Maverick":1.020000,
"McCulloch":0.870000,
"McLennan":1.260000,
"McMullen":1.480000,
"Medina":1.360000,
"Menard":1.540000,
"Midland":1.420000,
"Milam":1.340000,
"Mills":0.910000,
"Mitchell":1.950000,
"Montague":1.180000,
"Montgomery":2.040000,
"Moore":1.360000,
"Morris":1.080000,
"Motley":1.130000,
"Nacogdoches":1.020000,
"Navarro":1.530000,
"Newton":0.990000,
"Nolan":1.640000,
"Nueces":2.030000,
"Ochiltree":1.460000,
"Oldham":1.690000,
"Orange":1.670000,
"PaloPinto":1.480000,
"Panola":0.940000,
"Parker":2.110000,
"Parmer":1.440000,
"Pecos":0.930000,
"Polk":1.070000,
"Potter":1.900000,
"Presidio":1.280000,
"Rains":1.200000,
"Randall":1.800000,
"Reagan":1.390000,
"Real":0.900000,
"RedRiver":1.370000,
"Reeves":0.970000,
"Refugio":1.440000,
"Roberts":1.010000,
"Robertson":1.060000,
"Rockwall":2.140000,
"Runnels":1.590000,
"Rusk":1.060000,
"Sabine":0.980000,
"SanAugustine":0.790000,
"SanJacinto":1.210000,
"SanPatricio":2.300000,
"SanSaba":1.160000,
"Schleicher":1.160000,
"Scurry":1.570000,
"Shackelford":1.490000,
"Shelby":1.080000,
"Sherman":1.820000,
"Smith":1.550000,
"Somervell":0.990000,
"Starr":1.140000,
"Stephens":1.540000,
"Sterling":1.090000,
"Stonewall":1.450000,
"Sutton":1.730000,
"Swisher":1.520000,
"Tarrant":2.260000,
"Taylor":1.640000,
"Terrell":1.340000,
"Terry":1.430000,
"Throckmorton":1.490000,
"Titus":1.490000,
"TomGreen":1.450000,
"Travis":1.950000,
"Trinity":1.190000,
"Tyler":1.170000,
"Upshur":1.200000,
"Upton":1.170000,
"Uvalde":1.370000,
"ValVerde":1.530000,
"VanZandt":1.150000,
"Victoria":1.950000,
"Walker":1.320000,
"Waller":1.500000,
"Ward":0.400000,
"Washington":1.380000,
"Webb":2.210000,
"Wharton":1.440000,
"Wheeler":1.550000,
"Wichita":1.990000,
"Wilbarger":1.720000,
"Willacy":1.630000,
"Williamson":2.300000,
"Wilson":1.370000,
"Winkler":1.110000,
"Wise":1.730000,
"Wood":1.100000,
"Yoakum":1.060000,
"Young":1.400000,
"Zapata":1.030000,
"Zavala":1.570000
}